normalized_color,base_rgb,alpha,occurrences,source_files,original_spellings,source_locations
"#3269a8","#3269a8","1","24","index.html; assets/site.css; assets/probes.css; animations/product_softmax.js; assets/embed.css; assets/animation-runtime.js; animations/head_probe.js; animations/cape.css","#3269a8","index.html:53; index.html:54; assets/site.css:9; assets/site.css:107; assets/probes.css:19; assets/probes.css:41; assets/probes.css:48; assets/probes.css:55; assets/probes.css:64; assets/probes.css:77; assets/probes.css:104; assets/probes.css:109; assets/probes.css:111; assets/probes.css:131; animations/product_softmax.js:700; assets/embed.css:22; assets/embed.css:62; assets/embed.css:64; assets/embed.css:108; assets/animation-runtime.js:7; animations/head_probe.js:76; animations/head_probe.js:86; animations/head_probe.js:99; animations/cape.css:3"
"#e8e2d3","#e8e2d3","1","18","index.html; assets/site.css; assets/probes.css; animations/product_softmax.js; assets/favicon.svg; assets/embed.css; animations/head_probe.js; animations/attn_cmp.js; animations/cape.js","#e8e2d3","index.html:5; assets/site.css:3; assets/probes.css:21; animations/product_softmax.js:492; assets/favicon.svg:1; assets/embed.css:27; assets/embed.css:51; assets/embed.css:70; assets/embed.css:71; assets/embed.css:85; assets/embed.css:86; animations/head_probe.js:81; animations/head_probe.js:99; animations/head_probe.js:99; animations/attn_cmp.js:103; animations/attn_cmp.js:103; animations/cape.js:129; animations/cape.js:288"
"#ffffff","#ffffff","1","16","animations/ramnet_arch.css; animations/product_softmax.css; animations/gsu.css; animations/attn_cmp.css; animations/cape.css; animations/cape.js; assets/site.css; animations/cal_pipeline.css","#ffffff; #fff; white","animations/ramnet_arch.css:2; animations/product_softmax.css:3; animations/gsu.css:3; animations/gsu.css:3; animations/attn_cmp.css:2; animations/attn_cmp.css:6; animations/attn_cmp.css:6; animations/cape.css:3; animations/cape.js:117; assets/site.css:21; assets/site.css:281; animations/ramnet_arch.css:3; animations/product_softmax.css:3; animations/cape.css:3; animations/cal_pipeline.css:5; animations/attn_cmp.css:4"
"#729ed5","#729ed5","1","12","index.html; assets/site.css; assets/probes.css; assets/animation-runtime.js","#729ed5","index.html:52; assets/site.css:50; assets/site.css:50; assets/site.css:51; assets/site.css:64; assets/probes.css:6; assets/probes.css:7; assets/probes.css:96; assets/probes.css:98; assets/probes.css:112; assets/probes.css:131; assets/animation-runtime.js:7"
"#cec7b8","#cec7b8","1","11","assets/site.css; assets/probes.css; assets/embed.css","#cec7b8","assets/site.css:7; assets/probes.css:5; assets/embed.css:16; assets/embed.css:17; assets/embed.css:53; assets/embed.css:80; assets/embed.css:90; assets/embed.css:93; assets/embed.css:94; assets/embed.css:107; assets/embed.css:115"
"#344f43","#344f43","1","10","animations/product_softmax.css; animations/gsu.css","#344f43","animations/product_softmax.css:3; animations/product_softmax.css:3; animations/product_softmax.css:3; animations/product_softmax.css:3; animations/gsu.css:2; animations/gsu.css:3; animations/gsu.css:3; animations/gsu.css:3; animations/gsu.css:3; animations/gsu.css:3"
"#82afe6","#82afe6","1","10","index.html; assets/site.css; assets/favicon.svg; assets/embed.css","#82afe6","index.html:24; assets/site.css:8; assets/site.css:31; assets/site.css:67; assets/site.css:95; assets/favicon.svg:1; assets/embed.css:37; assets/embed.css:67; assets/embed.css:70; assets/embed.css:71"
"#30383f","#30383f","1","9","animations/ramnet_arch.js; assets/site.css; assets/probes.css; animations/product_softmax.js; assets/embed.css; animations/cal_pipeline.js; animations/gsu.js","#30383f","animations/ramnet_arch.js:8; assets/site.css:4; assets/probes.css:3; animations/product_softmax.js:588; animations/product_softmax.js:656; assets/embed.css:2; assets/embed.css:72; animations/cal_pipeline.js:12; animations/gsu.js:7"
"#425d7e","#425d7e","1","9","assets/probes.css; assets/embed.css","#425d7e","assets/probes.css:16; assets/probes.css:47; assets/probes.css:66; assets/probes.css:86; assets/probes.css:110; assets/probes.css:114; assets/embed.css:16; assets/embed.css:80; assets/embed.css:90"
"#717570","#717570","1","8","assets/site.css; assets/probes.css; assets/embed.css","#717570","assets/site.css:6; assets/site.css:53; assets/site.css:59; assets/site.css:89; assets/probes.css:4; assets/embed.css:53; assets/embed.css:63; assets/embed.css:65"
"#e1dccf","#e1dccf","1","7","assets/site.css; assets/embed.css","#e1dccf","assets/site.css:95; assets/site.css:115; assets/site.css:125; assets/site.css:204; assets/site.css:267; assets/site.css:271; assets/embed.css:80"
"#f6f0e3","#f6f0e3","1","6","animations/ramnet_arch.js; animations/product_softmax.js; animations/gsu.js","#f6f0e3","animations/ramnet_arch.js:8; animations/product_softmax.js:889; animations/gsu.js:7; animations/gsu.js:86; animations/gsu.js:140; animations/gsu.js:144"
"#2f6f49","#2f6f49","1","5","assets/probes.css; assets/animation-runtime.js","#2f6f49","assets/probes.css:42; assets/probes.css:50; assets/probes.css:56; assets/probes.css:65; assets/animation-runtime.js:8"
"#91b9ec","#91b9ec","1","5","assets/embed.css","#91b9ec","assets/embed.css:19; assets/embed.css:70; assets/embed.css:71; assets/embed.css:81; assets/embed.css:108"
"#d9e4f2","#d9e4f2","1","5","assets/site.css; assets/embed.css","#d9e4f2","assets/site.css:63; assets/site.css:92; assets/site.css:114; assets/site.css:210; assets/embed.css:19"
"#364c40","#364c40","1","4","animations/cape.css","#364c40","animations/cape.css:3; animations/cape.css:3; animations/cape.css:3; animations/cape.css:3"
"#b9bdc2","#b9bdc2","1","4","assets/embed.css","#b9bdc2","assets/embed.css:5; assets/embed.css:24; assets/embed.css:46; assets/embed.css:92"
"#c8c0af","#c8c0af","1","4","index.html; assets/site.css; assets/embed.css","#c8c0af","index.html:42; assets/site.css:89; assets/embed.css:58; assets/embed.css:72"
"#d3cfc4","#d3cfc4","1","4","animations/ramnet_arch.js; animations/attn_cmp.js; animations/cape.js","#d3cfc4","animations/ramnet_arch.js:8; animations/attn_cmp.js:7; animations/cape.js:260; animations/cape.js:308"
"#202020","#202020","1","3","animations/product_softmax.js","#202020","animations/product_softmax.js:588; animations/product_softmax.js:656; animations/product_softmax.js:692"
"#203c60","#203c60","1","3","assets/site.css","#203c60","assets/site.css:20; assets/site.css:38; assets/site.css:64"
"#5a9971","#5a9971","1","3","assets/site.css; assets/probes.css; assets/animation-runtime.js","#5a9971","assets/site.css:150; assets/probes.css:10; assets/animation-runtime.js:8"
"#729ed526","#729ed5","0.149020","3","assets/probes.css","#729ed526","assets/probes.css:33; assets/probes.css:77; assets/probes.css:131"
"#737e89","#737e89","1","3","assets/probes.css; animations/head_probe.js","#737e89","assets/probes.css:38; assets/probes.css:107; animations/head_probe.js:99"
"#7c8478","#7c8478","1","3","animations/product_softmax.js; assets/embed.css","#7c8478","animations/product_softmax.js:401; animations/product_softmax.js:1127; assets/embed.css:54"
"#8c4b46","#8c4b46","1","3","assets/probes.css; animations/product_softmax.js; assets/animation-runtime.js","#8c4b46","assets/probes.css:117; animations/product_softmax.js:727; assets/animation-runtime.js:5"
"#ba736d","#ba736d","1","3","assets/site.css; assets/probes.css; assets/animation-runtime.js","#ba736d","assets/site.css:150; assets/probes.css:9; assets/animation-runtime.js:5"
"#bdbdad","#bdbdad","1","3","animations/cape.js","#bdbdad","animations/cape.js:260; animations/cape.js:263; animations/cape.js:332"
"#e1e8db","#e1e8db","1","3","animations/product_softmax.css","#e1e8db","animations/product_softmax.css:3; animations/product_softmax.css:27; animations/product_softmax.css:27"
"#e8e2d300","#e8e2d3","0.000000","3","animations/head_probe.js","#e8e2d300","animations/head_probe.js:81; animations/head_probe.js:99; animations/head_probe.js:99"
"#f3f4ef","#f3f4ef","1","3","animations/ramnet_arch.js; animations/ramnet_arch.css; animations/cal_pipeline.css","#f3f4ef","animations/ramnet_arch.js:8; animations/ramnet_arch.css:2; animations/cal_pipeline.css:2"
"#fffefa","#fffefa","1","3","animations/gsu.css; animations/cape.css","#fffefa","animations/gsu.css:2; animations/cape.css:2; animations/cape.css:4"
"#29353e","#29353e","1","2","assets/embed.css","#29353e","assets/embed.css:31; assets/embed.css:98"
"#293e37","#293e37","1","2","animations/attn_cmp.css","#293e37","animations/attn_cmp.css:4; animations/attn_cmp.css:6"
"#2f649f","#2f649f","1","2","assets/site.css","#2f649f","assets/site.css:79; assets/site.css:102"
"#303b37","#303b37","1","2","animations/cape.css","#303b37","animations/cape.css:2; animations/cape.css:4"
"#38434b","#38434b","1","2","assets/embed.css","#38434b","assets/embed.css:27; assets/embed.css:94"
"#3c5544","#3c5544","1","2","assets/embed.css; animations/cape.css","#3c5544","assets/embed.css:76; animations/cape.css:3"
"#465f47","#465f47","1","2","animations/product_softmax.css","#465f47","animations/product_softmax.css:15; animations/product_softmax.css:27"
"#4a5f79","#4a5f79","1","2","assets/embed.css","#4a5f79","assets/embed.css:61; assets/embed.css:107"
"#547963","#547963","1","2","animations/ramnet_arch.js; animations/ramnet_arch.css","#547963","animations/ramnet_arch.js:8; animations/ramnet_arch.css:2"
"#555a5f","#555a5f","1","2","assets/site.css; assets/probes.css","#555a5f","assets/site.css:5; assets/probes.css:108"
"#587393","#587393","1","2","index.html; assets/site.css","#587393","index.html:40; assets/site.css:30"
"#61795f","#61795f","1","2","animations/product_softmax.css","#61795f","animations/product_softmax.css:3; animations/product_softmax.css:32"
"#66735d","#66735d","1","2","assets/embed.css; animations/cape.css","#66735d","assets/embed.css:75; animations/cape.css:6"
"#6e8567","#6e8567","1","2","animations/attn_cmp.css","#6e8567","animations/attn_cmp.css:6; animations/attn_cmp.css:6"
"#718f6c","#718f6c","1","2","animations/product_softmax.css","#718f6c","animations/product_softmax.css:3; animations/product_softmax.css:3"
"#75826f","#75826f","1","2","animations/product_softmax.css","#75826f","animations/product_softmax.css:3; animations/product_softmax.css:15"
"#797f75","#797f75","1","2","animations/ramnet_arch.js; animations/cal_pipeline.js","#797f75","animations/ramnet_arch.js:8; animations/cal_pipeline.js:12"
"#818e79","#818e79","1","2","animations/cape.css","#818e79","animations/cape.css:3; animations/cape.css:3"
"#82afe633","#82afe6","0.200000","2","index.html; assets/site.css","#82afe633","index.html:52; assets/site.css:64"
"#8b79ae","#8b79ae","1","2","animations/gsu.css","#8b79ae","animations/gsu.css:2; animations/gsu.css:2"
"#967bb5","#967bb5","1","2","assets/probes.css; assets/animation-runtime.js","#967bb5","assets/probes.css:8; assets/animation-runtime.js:6"
"#969792","#969792","1","2","assets/probes.css; animations/niah_probe.js","#969792","assets/probes.css:40; animations/niah_probe.js:36"
"#98a38f","#98a38f","1","2","animations/cape.js","#98a38f","animations/cape.js:242; animations/cape.js:245"
"#9aa697","#9aa697","1","2","animations/product_softmax.js; animations/cal_pipeline.css","#9aa697","animations/product_softmax.js:415; animations/cal_pipeline.css:5"
"#9bbde8","#9bbde8","1","2","index.html; assets/favicon.svg","#9bbde8","index.html:24; assets/favicon.svg:1"
"#a48b6240","#a48b62","0.250980","2","assets/site.css","#a48b6240","assets/site.css:152; assets/site.css:152"
"#a48b6270","#a48b62","0.439216","2","assets/site.css","#a48b6270","assets/site.css:156; assets/site.css:156"
"#b6c1ca","#b6c1ca","1","2","assets/embed.css","#b6c1ca","assets/embed.css:18; assets/embed.css:20"
"#bdc8d1","#bdc8d1","1","2","animations/head_probe.js","#bdc8d1","animations/head_probe.js:96; animations/head_probe.js:96"
"#bebdaf","#bebdaf","1","2","animations/ramnet_arch.js; animations/cal_pipeline.js","#bebdaf","animations/ramnet_arch.js:8; animations/cal_pipeline.js:12"
"#bec5c9","#bec5c9","1","2","assets/probes.css","#bec5c9","assets/probes.css:95; assets/probes.css:97"
"#c9c1b0","#c9c1b0","1","2","assets/site.css","#c9c1b0","assets/site.css:49; assets/site.css:50"
"#cbd1d4","#cbd1d4","1","2","assets/embed.css","#cbd1d4","assets/embed.css:29; assets/embed.css:96"
"#cbdff9","#cbdff9","1","2","assets/embed.css","#cbdff9","assets/embed.css:81; assets/embed.css:108"
"#d2d5d8","#d2d5d8","1","2","assets/embed.css","#d2d5d8","assets/embed.css:68; assets/embed.css:69"
"#d5948c","#d5948c","1","2","animations/cape.css","#d5948c","animations/cape.css:3; animations/cape.css:3"
"#dce4d5","#dce4d5","1","2","animations/ramnet_arch.js; animations/ramnet_arch.css","#dce4d5","animations/ramnet_arch.js:8; animations/ramnet_arch.css:2"
"#ddd7c9","#ddd7c9","1","2","assets/site.css","#ddd7c9","assets/site.css:49; assets/site.css:50"
"#e8e2d3d9","#e8e2d3","0.850980","2","animations/head_probe.js","#e8e2d3d9","animations/head_probe.js:85; animations/head_probe.js:96"
"#eee8db","#eee8db","1","2","animations/product_softmax.js; animations/gsu.js","#eee8db","animations/product_softmax.js:996; animations/gsu.js:7"
"#eee8dbf5","#eee8db","0.960784","2","assets/probes.css; assets/embed.css","#eee8dbf5","assets/probes.css:78; assets/embed.css:72"
"#f1f3ec","#f1f3ec","1","2","animations/gsu.css; animations/cape.css","#f1f3ec","animations/gsu.css:3; animations/cape.css:3"
"#f3f2ee","#f3f2ee","1","2","animations/gsu.css; animations/gsu.js","#f3f2ee","animations/gsu.css:2; animations/gsu.js:7"
"#0000000a","#000000","0.039216","1","animations/attn_cmp.css","#0000000a","animations/attn_cmp.css:6"
"#006d80","#006d80","1","1","assets/animation-runtime.js","#006d80","assets/animation-runtime.js:8"
"#252b2b","#252b2b","1","1","animations/attn_cmp.css","#252b2b","animations/attn_cmp.css:2"
"#263d2920","#263d29","0.125490","1","animations/product_softmax.css","#263d2920","animations/product_softmax.css:4"
"#293d38","#293d38","1","1","animations/cal_pipeline.css","#293d38","animations/cal_pipeline.css:2"
"#293d3812","#293d38","0.070588","1","animations/cal_pipeline.css","#293d3812","animations/cal_pipeline.css:3"
"#293e38","#293e38","1","1","animations/product_softmax.css","#293e38","animations/product_softmax.css:2"
"#30383f0d","#30383f","0.050980","1","assets/embed.css","#30383f0d","assets/embed.css:50"
"#30383f12","#30383f","0.070588","1","assets/embed.css","#30383f12","assets/embed.css:72"
"#30383f1a","#30383f","0.101961","1","assets/embed.css","#30383f1a","assets/embed.css:57"
"#304038","#304038","1","1","animations/product_softmax.css","#304038","animations/product_softmax.css:25"
"#334b3b","#334b3b","1","1","animations/attn_cmp.css","#334b3b","animations/attn_cmp.css:6"
"#338577","#338577","1","1","animations/product_softmax.css","#338577","animations/product_softmax.css:2"
"#3385770b","#338577","0.043137","1","animations/product_softmax.css","#3385770b","animations/product_softmax.css:3"
"#34434f","#34434f","1","1","assets/embed.css","#34434f","assets/embed.css:20"
"#344f4320","#344f43","0.125490","1","animations/gsu.css","#344f4320","animations/gsu.css:3"
"#345c49","#345c49","1","1","animations/gsu.css","#345c49","animations/gsu.css:3"
"#354c3003","#354c30","0.011765","1","animations/product_softmax.css","#354c3003","animations/product_softmax.css:3"
"#354c3024","#354c30","0.141176","1","animations/product_softmax.css","#354c3024","animations/product_softmax.css:20"
"#356391","#356391","1","1","assets/animation-runtime.js","#356391","assets/animation-runtime.js:7"
"#36482e","#36482e","1","1","animations/attn_cmp.html","#36482e","animations/attn_cmp.html:8"
"#374e47","#374e47","1","1","animations/attn_cmp.css","#374e47","animations/attn_cmp.css:2"
"#3b4f43","#3b4f43","1","1","animations/ramnet_arch.css","#3b4f43","animations/ramnet_arch.css:2"
"#3c7869","#3c7869","1","1","animations/cal_pipeline.css","#3c7869","animations/cal_pipeline.css:5"
"#3c97ab","#3c97ab","1","1","assets/animation-runtime.js","#3c97ab","assets/animation-runtime.js:8"
"#3d664a","#3d664a","1","1","animations/product_softmax.css","#3d664a","animations/product_softmax.css:3"
"#418875","#418875","1","1","animations/gsu.css","#418875","animations/gsu.css:2"
"#435b73","#435b73","1","1","animations/head_probe.js","#435b73","animations/head_probe.js:99"
"#436352","#436352","1","1","animations/product_softmax.css","#436352","animations/product_softmax.css:3"
"#43856b","#43856b","1","1","animations/cape.css","#43856b","animations/cape.css:2"
"#466858","#466858","1","1","animations/gsu.css","#466858","animations/gsu.css:3"
"#4b5750","#4b5750","1","1","animations/attn_cmp.css","#4b5750","animations/attn_cmp.css:6"
"#4b594a","#4b594a","1","1","animations/attn_cmp.css","#4b594a","animations/attn_cmp.css:6"
"#4b6154","#4b6154","1","1","animations/product_softmax.css","#4b6154","animations/product_softmax.css:3"
"#506653","#506653","1","1","animations/product_softmax.js","#506653","animations/product_softmax.js:416"
"#52a98b","#52a98b","1","1","animations/attn_cmp.css","#52a98b","animations/attn_cmp.css:2"
"#536451","#536451","1","1","animations/cape.css","#536451","animations/cape.css:3"
"#53677d","#53677d","1","1","assets/site.css","#53677d","assets/site.css:132"
"#555e52","#555e52","1","1","assets/embed.css","#555e52","assets/embed.css:74"
"#555e59","#555e59","1","1","animations/attn_cmp.js","#555e59","animations/attn_cmp.js:105"
"#575a92","#575a92","1","1","assets/animation-runtime.js","#575a92","assets/animation-runtime.js:6"
"#587ca8","#587ca8","1","1","animations/head_probe.js","#587ca8","animations/head_probe.js:99"
"#5a99711f","#5a9971","0.121569","1","assets/probes.css","#5a99711f","assets/probes.css:42"
"#5d8b6b","#5d8b6b","1","1","animations/product_softmax.css","#5d8b6b","animations/product_softmax.css:3"
"#5e8dbe","#5e8dbe","1","1","assets/animation-runtime.js","#5e8dbe","assets/animation-runtime.js:7"
"#606c76","#606c76","1","1","assets/probes.css","#606c76","assets/probes.css:25"
"#60a968","#60a968","1","1","animations/gsu.css","#60a968","animations/gsu.css:2"
"#614c2c","#614c2c","1","1","assets/site.css","#614c2c","assets/site.css:153"
"#62655f","#62655f","1","1","assets/probes.css","#62655f","assets/probes.css:40"
"#626f5d","#626f5d","1","1","animations/cape.css","#626f5d","animations/cape.css:3"
"#637867","#637867","1","1","animations/product_softmax.js","#637867","animations/product_softmax.js:458"
"#638e7d","#638e7d","1","1","animations/cal_pipeline.css","#638e7d","animations/cal_pipeline.css:5"
"#64725f","#64725f","1","1","animations/cape.css","#64725f","animations/cape.css:3"
"#64758a","#64758a","1","1","assets/site.css","#64758a","assets/site.css:72"
"#648159","#648159","1","1","animations/cape.css","#648159","animations/cape.css:3"
"#66796a","#66796a","1","1","animations/cal_pipeline.css","#66796a","animations/cal_pipeline.css:5"
"#68727b","#68727b","1","1","assets/probes.css","#68727b","assets/probes.css:45"
"#68766d","#68766d","1","1","animations/attn_cmp.css","#68766d","animations/attn_cmp.css:6"
"#6a7d70","#6a7d70","1","1","animations/gsu.css","#6a7d70","animations/gsu.css:3"
"#6c5289","#6c5289","1","1","assets/animation-runtime.js","#6c5289","assets/animation-runtime.js:6"
"#6f7c71","#6f7c71","1","1","animations/gsu.css","#6f7c71","animations/gsu.css:3"
"#6f8177","#6f8177","1","1","animations/gsu.css","#6f8177","animations/gsu.css:3"
"#6f977c","#6f977c","1","1","animations/cape.css","#6f977c","animations/cape.css:3"
"#718076","#718076","1","1","animations/gsu.css","#718076","animations/gsu.css:3"
"#718590","#718590","1","1","animations/product_softmax.js","#718590","animations/product_softmax.js:888"
"#728174","#728174","1","1","animations/gsu.css","#728174","animations/gsu.css:3"
"#729ed50d","#729ed5","0.050980","1","animations/head_probe.js","#729ed50d","animations/head_probe.js:86"
"#729ed512","#729ed5","0.070588","1","assets/probes.css","#729ed512","assets/probes.css:18"
"#729ed51a","#729ed5","0.101961","1","assets/probes.css","#729ed51a","assets/probes.css:109"
"#729ed51f","#729ed5","0.121569","1","assets/probes.css","#729ed51f","assets/probes.css:41"
"#729ed521","#729ed5","0.129412","1","assets/probes.css","#729ed521","assets/probes.css:110"
"#729ed533","#729ed5","0.200000","1","animations/niah_probe.js","#729ed533","animations/niah_probe.js:36"
"#729ed53d","#729ed5","0.239216","1","assets/probes.css","#729ed53d","assets/probes.css:111"
"#729ed566","#729ed5","0.400000","1","animations/niah_probe.js","#729ed566","animations/niah_probe.js:36"
"#7478dc","#7478dc","1","1","animations/gsu.css","#7478dc","animations/gsu.css:2"
"#74836f","#74836f","1","1","animations/product_softmax.css","#74836f","animations/product_softmax.css:3"
"#748578","#748578","1","1","animations/cal_pipeline.css","#748578","animations/cal_pipeline.css:5"
"#757c70","#757c70","1","1","assets/embed.css","#757c70","assets/embed.css:73"
"#75859a","#75859a","1","1","animations/head_probe.js","#75859a","animations/head_probe.js:86"
"#77886d","#77886d","1","1","animations/cape.css","#77886d","animations/cape.css:6"
"#778a7b","#778a7b","1","1","animations/product_softmax.css","#778a7b","animations/product_softmax.css:3"
"#784653","#784653","1","1","animations/product_softmax.js","#784653","animations/product_softmax.js:727"
"#785c18","#785c18","1","1","assets/animation-runtime.js","#785c18","assets/animation-runtime.js:9"
"#78826f","#78826f","1","1","animations/cape.css","#78826f","animations/cape.css:3"
"#79869a","#79869a","1","1","animations/head_probe.js","#79869a","animations/head_probe.js:76"
"#798879","#798879","1","1","animations/product_softmax.css","#798879","animations/product_softmax.css:3"
"#7ad5d6","#7ad5d6","1","1","animations/gsu.css","#7ad5d6","animations/gsu.css:2"
"#7b897e","#7b897e","1","1","animations/cal_pipeline.css","#7b897e","animations/cal_pipeline.css:5"
"#7c8f9d","#7c8f9d","1","1","assets/embed.css","#7c8f9d","assets/embed.css:32"
"#7e83bf","#7e83bf","1","1","assets/animation-runtime.js","#7e83bf","assets/animation-runtime.js:6"
"#7e897a","#7e897a","1","1","animations/cape.js","#7e897a","animations/cape.js:99"
"#7f929d","#7f929d","1","1","animations/product_softmax.js","#7f929d","animations/product_softmax.js:701"
"#804c75","#804c75","1","1","assets/animation-runtime.js","#804c75","assets/animation-runtime.js:5"
"#818c96","#818c96","1","1","animations/ramnet_arch.js","#818c96","animations/ramnet_arch.js:8"
"#819078","#819078","1","1","animations/product_softmax.css","#819078","animations/product_softmax.css:28"
"#82ad91","#82ad91","1","1","animations/cape.css","#82ad91","animations/cape.css:3"
"#849180","#849180","1","1","animations/product_softmax.css","#849180","animations/product_softmax.css:3"
"#85877f","#85877f","1","1","animations/gsu.js","#85877f","animations/gsu.js:7"
"#85929b","#85929b","1","1","assets/embed.css","#85929b","assets/embed.css:98"
"#87512a","#87512a","1","1","assets/animation-runtime.js","#87512a","assets/animation-runtime.js:9"
"#87907f","#87907f","1","1","animations/attn_cmp.css","#87907f","animations/attn_cmp.css:6"
"#87928b","#87928b","1","1","animations/product_softmax.css","#87928b","animations/product_softmax.css:2"
"#879482","#879482","1","1","animations/ramnet_arch.js","#879482","animations/ramnet_arch.js:8"
"#87948a","#87948a","1","1","animations/cal_pipeline.css","#87948a","animations/cal_pipeline.css:2"
"#89908e","#89908e","1","1","animations/attn_cmp.css","#89908e","animations/attn_cmp.css:2"
"#89919a","#89919a","1","1","animations/head_probe.js","#89919a","animations/head_probe.js:9"
"#89919a44","#89919a","0.266667","1","assets/probes.css","#89919a44","assets/probes.css:38"
"#899780","#899780","1","1","animations/cape.js","#899780","animations/cape.js:237"
"#8a968c","#8a968c","1","1","animations/product_softmax.css","#8a968c","animations/product_softmax.css:3"
"#8b739f","#8b739f","1","1","assets/embed.css","#8b739f","assets/embed.css:84"
"#8b9486","#8b9486","1","1","animations/cape.css","#8b9486","animations/cape.css:3"
"#8b978c","#8b978c","1","1","animations/product_softmax.css","#8b978c","animations/product_softmax.css:3"
"#8b978d","#8b978d","1","1","animations/product_softmax.css","#8b978d","animations/product_softmax.css:3"
"#8d918f","#8d918f","1","1","index.html","#8d918f","index.html:41"
"#8d968d","#8d968d","1","1","animations/attn_cmp.css","#8d968d","animations/attn_cmp.css:6"
"#8e978f","#8e978f","1","1","animations/gsu.css","#8e978f","animations/gsu.css:3"
"#8eaa99","#8eaa99","1","1","animations/product_softmax.css","#8eaa99","animations/product_softmax.css:3"
"#8f9988","#8f9988","1","1","animations/cape.css","#8f9988","animations/cape.css:3"
"#90958c","#90958c","1","1","animations/cape.css","#90958c","animations/cape.css:2"
"#91b5a6","#91b5a6","1","1","animations/attn_cmp.css","#91b5a6","animations/attn_cmp.css:3"
"#92a08f","#92a08f","1","1","animations/cal_pipeline.css","#92a08f","animations/cal_pipeline.css:5"
"#939b94","#939b94","1","1","animations/attn_cmp.js","#939b94","animations/attn_cmp.js:7"
"#947346","#947346","1","1","assets/site.css","#947346","assets/site.css:159"
"#94a9c6","#94a9c6","1","1","assets/site.css","#94a9c6","assets/site.css:73"
"#9697921a","#969792","0.101961","1","assets/probes.css","#9697921a","assets/probes.css:40"
"#96979222","#969792","0.133333","1","animations/niah_probe.js","#96979222","animations/niah_probe.js:36"
"#96979255","#969792","0.333333","1","animations/niah_probe.js","#96979255","animations/niah_probe.js:36"
"#96a18f","#96a18f","1","1","animations/product_softmax.css","#96a18f","animations/product_softmax.css:4"
"#96bcea","#96bcea","1","1","assets/site.css","#96bcea","assets/site.css:39"
"#98a592","#98a592","1","1","animations/product_softmax.css","#98a592","animations/product_softmax.css:27"
"#98a59a","#98a59a","1","1","animations/product_softmax.css","#98a59a","animations/product_softmax.css:3"
"#98a691","#98a691","1","1","animations/product_softmax.css","#98a691","animations/product_softmax.css:3"
"#9aa294","#9aa294","1","1","animations/attn_cmp.css","#9aa294","animations/attn_cmp.css:6"
"#9aa395","#9aa395","1","1","animations/gsu.css","#9aa395","animations/gsu.css:3"
"#9aa690","#9aa690","1","1","animations/product_softmax.css","#9aa690","animations/product_softmax.css:8"
"#9ab1ca","#9ab1ca","1","1","assets/probes.css","#9ab1ca","assets/probes.css:18"
"#9b514d","#9b514d","1","1","assets/probes.css","#9b514d","assets/probes.css:49"
"#9ba29c","#9ba29c","1","1","animations/attn_cmp.css","#9ba29c","animations/attn_cmp.css:6"
"#9ba497","#9ba497","1","1","animations/product_softmax.css","#9ba497","animations/product_softmax.css:3"
"#9ba79a","#9ba79a","1","1","animations/gsu.css","#9ba79a","animations/gsu.css:2"
"#9ba893","#9ba893","1","1","animations/ramnet_arch.css","#9ba893","animations/ramnet_arch.css:2"
"#9ba999","#9ba999","1","1","animations/product_softmax.css","#9ba999","animations/product_softmax.css:3"
"#9bb8d9","#9bb8d9","1","1","assets/site.css","#9bb8d9","assets/site.css:63"
"#9da393","#9da393","1","1","animations/cape.css","#9da393","animations/cape.css:3"
"#9eb7aa","#9eb7aa","1","1","animations/product_softmax.css","#9eb7aa","animations/product_softmax.css:3"
"#a0a499","#a0a499","1","1","animations/cape.css","#a0a499","animations/cape.css:3"
"#a0a69c","#a0a69c","1","1","animations/attn_cmp.css","#a0a69c","animations/attn_cmp.css:6"
"#a0a69f","#a0a69f","1","1","animations/attn_cmp.css","#a0a69f","animations/attn_cmp.css:6"
"#a0a799","#a0a799","1","1","animations/attn_cmp.css","#a0a799","animations/attn_cmp.css:6"
"#a1aaa0","#a1aaa0","1","1","animations/product_softmax.css","#a1aaa0","animations/product_softmax.css:3"
"#a1aca0","#a1aca0","1","1","animations/cal_pipeline.css","#a1aca0","animations/cal_pipeline.css:5"
"#a28545","#a28545","1","1","assets/animation-runtime.js","#a28545","assets/animation-runtime.js:9"
"#a3aa9b","#a3aa9b","1","1","animations/cape.css","#a3aa9b","animations/cape.css:3"
"#a3aaa4","#a3aaa4","1","1","animations/attn_cmp.css","#a3aaa4","animations/attn_cmp.css:6"
"#a4a99b","#a4a99b","1","1","animations/cape.css","#a4a99b","animations/cape.css:3"
"#a4af99","#a4af99","1","1","animations/cape.js","#a4af99","animations/cape.js:308"
"#a4b4c1","#a4b4c1","1","1","assets/embed.css","#a4b4c1","assets/embed.css:21"
"#a5b2a5","#a5b2a5","1","1","animations/product_softmax.js","#a5b2a5","animations/product_softmax.js:458"
"#a5b9d1","#a5b9d1","1","1","assets/probes.css","#a5b9d1","assets/probes.css:33"
"#a6ad9d","#a6ad9d","1","1","animations/cape.css","#a6ad9d","animations/cape.css:3"
"#a6b69f","#a6b69f","1","1","animations/product_softmax.css","#a6b69f","animations/product_softmax.css:27"
"#a9ad9f","#a9ad9f","1","1","animations/cape.css","#a9ad9f","animations/cape.css:3"
"#a9afb1","#a9afb1","1","1","animations/product_softmax.js","#a9afb1","animations/product_softmax.js:894"
"#aac4b2","#aac4b2","1","1","animations/gsu.css","#aac4b2","animations/gsu.css:3"
"#ab749f","#ab749f","1","1","assets/animation-runtime.js","#ab749f","assets/animation-runtime.js:5"
"#acb3b9","#acb3b9","1","1","animations/ramnet_arch.js","#acb3b9","animations/ramnet_arch.js:8"
"#acc0a4","#acc0a4","1","1","animations/cape.css","#acc0a4","animations/cape.css:3"
"#adb6a9","#adb6a9","1","1","animations/product_softmax.css","#adb6a9","animations/product_softmax.css:3"
"#adc2db","#adc2db","1","1","assets/site.css","#adc2db","assets/site.css:42"
"#aebfa3","#aebfa3","1","1","animations/product_softmax.css","#aebfa3","animations/product_softmax.css:3"
"#b0b7a7","#b0b7a7","1","1","animations/cape.js","#b0b7a7","animations/cape.js:287"
"#b1a7bc","#b1a7bc","1","1","animations/head_probe.js","#b1a7bc","animations/head_probe.js:50"
"#b1beb0","#b1beb0","1","1","animations/cape.css","#b1beb0","animations/cape.css:3"
"#b37a53","#b37a53","1","1","assets/animation-runtime.js","#b37a53","assets/animation-runtime.js:9"
"#b3b5b7","#b3b5b7","1","1","assets/embed.css","#b3b5b7","assets/embed.css:66"
"#b4c1ad","#b4c1ad","1","1","animations/attn_cmp.css","#b4c1ad","animations/attn_cmp.css:6"
"#b4c5b8","#b4c5b8","1","1","animations/cal_pipeline.css","#b4c5b8","animations/cal_pipeline.css:5"
"#b4cbb6","#b4cbb6","1","1","animations/product_softmax.css","#b4cbb6","animations/product_softmax.css:3"
"#b6c4b9","#b6c4b9","1","1","animations/gsu.css","#b6c4b9","animations/gsu.css:3"
"#b7c6d2","#b7c6d2","1","1","assets/embed.css","#b7c6d2","assets/embed.css:21"
"#b8aacb","#b8aacb","1","1","assets/embed.css","#b8aacb","assets/embed.css:82"
"#b8ae9b88","#b8ae9b","0.533333","1","animations/head_probe.js","#b8ae9b88","animations/head_probe.js:62"
"#b8c6b8","#b8c6b8","1","1","animations/attn_cmp.css","#b8c6b8","animations/attn_cmp.css:6"
"#b8cdc0","#b8cdc0","1","1","animations/cal_pipeline.css","#b8cdc0","animations/cal_pipeline.css:5"
"#b9cbbe","#b9cbbe","1","1","animations/product_softmax.css","#b9cbbe","animations/product_softmax.css:3"
"#c2c8b8","#c2c8b8","1","1","animations/cape.js","#c2c8b8","animations/cape.js:308"
"#c46660","#c46660","1","1","animations/gsu.css","#c46660","animations/gsu.css:2"
"#c4bdaf","#c4bdaf","1","1","animations/gsu.js","#c4bdaf","animations/gsu.js:7"
"#c4cfd8","#c4cfd8","1","1","assets/embed.css","#c4cfd8","assets/embed.css:20"
"#c6dbf7","#c6dbf7","1","1","assets/site.css","#c6dbf7","assets/site.css:20"
"#c86660","#c86660","1","1","animations/cape.css","#c86660","animations/cape.css:2"
"#c9c8be","#c9c8be","1","1","assets/probes.css","#c9c8be","assets/probes.css:59"
"#cbd6e1","#cbd6e1","1","1","animations/head_probe.js","#cbd6e1","animations/head_probe.js:86"
"#cbd7c8","#cbd7c8","1","1","animations/product_softmax.css","#cbd7c8","animations/product_softmax.css:20"
"#cbdcf0","#cbdcf0","1","1","assets/site.css","#cbdcf0","assets/site.css:155"
"#cdd1c7","#cdd1c7","1","1","animations/cape.css","#cdd1c7","animations/cape.css:3"
"#cfdeef","#cfdeef","1","1","assets/site.css","#cfdeef","assets/site.css:43"
"#d3cab6","#d3cab6","1","1","animations/product_softmax.js","#d3cab6","animations/product_softmax.js:996"
"#d5dfd3","#d5dfd3","1","1","animations/product_softmax.css","#d5dfd3","animations/product_softmax.css:3"
"#d7ded4","#d7ded4","1","1","animations/attn_cmp.css","#d7ded4","animations/attn_cmp.css:6"
"#d7dfd1","#d7dfd1","1","1","animations/cal_pipeline.css","#d7dfd1","animations/cal_pipeline.css:5"
"#d8e1d6","#d8e1d6","1","1","animations/product_softmax.css","#d8e1d6","animations/product_softmax.css:3"
"#d8e3d6","#d8e3d6","1","1","animations/cal_pipeline.css","#d8e3d6","animations/cal_pipeline.css:3"
"#d8e3f1","#d8e3f1","1","1","assets/site.css","#d8e3f1","assets/site.css:144"
"#d9dfd3","#d9dfd3","1","1","animations/gsu.css","#d9dfd3","animations/gsu.css:3"
"#dad1bf","#dad1bf","1","1","animations/product_softmax.js","#dad1bf","animations/product_softmax.js:996"
"#dbe3d4","#dbe3d4","1","1","animations/ramnet_arch.css","#dbe3d4","animations/ramnet_arch.css:2"
"#dbe3d5","#dbe3d5","1","1","animations/gsu.css","#dbe3d5","animations/gsu.css:3"
"#dce0d6","#dce0d6","1","1","animations/cape.css","#dce0d6","animations/cape.css:3"
"#dce2d5","#dce2d5","1","1","animations/cape.css","#dce2d5","animations/cape.css:3"
"#dce2db","#dce2db","1","1","animations/attn_cmp.css","#dce2db","animations/attn_cmp.css:4"
"#dce6d7","#dce6d7","1","1","animations/gsu.css","#dce6d7","animations/gsu.css:3"
"#ddd0b6","#ddd0b6","1","1","assets/site.css","#ddd0b6","assets/site.css:153"
"#dde6ed","#dde6ed","1","1","assets/site.css","#dde6ed","assets/site.css:42"
"#dfe3dc","#dfe3dc","1","1","animations/attn_cmp.css","#dfe3dc","animations/attn_cmp.css:4"
"#dfe5d7","#dfe5d7","1","1","animations/cape.css","#dfe5d7","animations/cape.css:3"
"#e0dbcf","#e0dbcf","1","1","assets/embed.css","#e0dbcf","assets/embed.css:27"
"#e0e6db","#e0e6db","1","1","animations/gsu.css","#e0e6db","animations/gsu.css:2"
"#e0e6de","#e0e6de","1","1","animations/product_softmax.css","#e0e6de","animations/product_softmax.css:2"
"#e0e9d9","#e0e9d9","1","1","animations/cal_pipeline.css","#e0e9d9","animations/cal_pipeline.css:5"
"#e1d9c8","#e1d9c8","1","1","animations/product_softmax.js","#e1d9c8","animations/product_softmax.js:996"
"#e1e6dc","#e1e6dc","1","1","animations/cal_pipeline.css","#e1e6dc","animations/cal_pipeline.css:2"
"#e36a64","#e36a64","1","1","animations/attn_cmp.css","#e36a64","animations/attn_cmp.css:2"
"#e5d8c1","#e5d8c1","1","1","assets/site.css","#e5d8c1","assets/site.css:154"
"#e5e6de","#e5e6de","1","1","animations/cape.css","#e5e6de","animations/cape.css:2"
"#e5e8df","#e5e8df","1","1","animations/gsu.js","#e5e8df","animations/gsu.js:7"
"#e5eae1","#e5eae1","1","1","animations/product_softmax.css","#e5eae1","animations/product_softmax.css:3"
"#e6e9e0","#e6e9e0","1","1","animations/gsu.css","#e6e9e0","animations/gsu.css:3"
"#e6eadf","#e6eadf","1","1","animations/cal_pipeline.css","#e6eadf","animations/cal_pipeline.css:5"
"#e6ece2","#e6ece2","1","1","animations/gsu.css","#e6ece2","animations/gsu.css:3"
"#e7e9e4","#e7e9e4","1","1","animations/attn_cmp.css","#e7e9e4","animations/attn_cmp.css:2"
"#e7ece2","#e7ece2","1","1","animations/product_softmax.css","#e7ece2","animations/product_softmax.css:4"
"#e7eee2","#e7eee2","1","1","animations/cal_pipeline.css","#e7eee2","animations/cal_pipeline.css:3"
"#e8e1d2","#e8e1d2","1","1","animations/product_softmax.js","#e8e1d2","animations/product_softmax.js:996"
"#e8e2d366","#e8e2d3","0.400000","1","animations/head_probe.js","#e8e2d366","animations/head_probe.js:86"
"#e8e2d3b3","#e8e2d3","0.701961","1","assets/embed.css","#e8e2d3b3","assets/embed.css:52"
"#e8e2d3f5","#e8e2d3","0.960784","1","assets/site.css","#e8e2d3f5","assets/site.css:55"
"#e8ebe5","#e8ebe5","1","1","animations/attn_cmp.css","#e8ebe5","animations/attn_cmp.css:6"
"#e8ede4","#e8ede4","1","1","animations/attn_cmp.css","#e8ede4","animations/attn_cmp.css:6"
"#e9ece6","#e9ece6","1","1","animations/attn_cmp.css","#e9ece6","animations/attn_cmp.css:6"
"#e9ede3","#e9ede3","1","1","animations/cape.css","#e9ede3","animations/cape.css:3"
"#e9ede6","#e9ede6","1","1","animations/attn_cmp.css","#e9ede6","animations/attn_cmp.css:4"
"#e9eee4","#e9eee4","1","1","animations/cal_pipeline.css","#e9eee4","animations/cal_pipeline.css:5"
"#eaf0e6","#eaf0e6","1","1","animations/product_softmax.css","#eaf0e6","animations/product_softmax.css:3"
"#ecab51","#ecab51","1","1","animations/gsu.css","#ecab51","animations/gsu.css:2"
"#edf0e8","#edf0e8","1","1","animations/gsu.css","#edf0e8","animations/gsu.css:3"
"#edf1e8","#edf1e8","1","1","animations/product_softmax.css","#edf1e8","animations/product_softmax.css:4"
"#edf1e9","#edf1e9","1","1","animations/attn_cmp.css","#edf1e9","animations/attn_cmp.css:4"
"#edf2e9","#edf2e9","1","1","animations/gsu.css","#edf2e9","animations/gsu.css:3"
"#edf3e8","#edf3e8","1","1","animations/cal_pipeline.css","#edf3e8","animations/cal_pipeline.css:5"
"#eef4ec","#eef4ec","1","1","animations/product_softmax.css","#eef4ec","animations/product_softmax.css:3"
"#f0f4eb","#f0f4eb","1","1","animations/cape.css","#f0f4eb","animations/cape.css:3"
"#f0f4ed","#f0f4ed","1","1","animations/attn_cmp.css","#f0f4ed","animations/attn_cmp.css:6"
"#f1f3ee","#f1f3ee","1","1","animations/attn_cmp.css","#f1f3ee","animations/attn_cmp.css:6"
"#f2f5ed","#f2f5ed","1","1","animations/product_softmax.css","#f2f5ed","animations/product_softmax.css:14"
"#f4f3ef","#f4f3ef","1","1","animations/cape.css","#f4f3ef","animations/cape.css:2"
"#f4f5f1","#f4f5f1","1","1","animations/product_softmax.css","#f4f5f1","animations/product_softmax.css:2"
"#f5f5f1","#f5f5f1","1","1","animations/attn_cmp.css","#f5f5f1","animations/attn_cmp.css:2"
"#f6f8f3","#f6f8f3","1","1","animations/product_softmax.css","#f6f8f3","animations/product_softmax.css:32"
"#f7f8f3","#f7f8f3","1","1","animations/ramnet_arch.js","#f7f8f3","animations/ramnet_arch.js:8"
"#f7f9f2","#f7f9f2","1","1","animations/cal_pipeline.css","#f7f9f2","animations/cal_pipeline.css:5"
"#f8f9f3","#f8f9f3","1","1","animations/cape.css","#f8f9f3","animations/cape.css:3"
"#f8faf5","#f8faf5","1","1","animations/product_softmax.css","#f8faf5","animations/product_softmax.css:20"
"#fafbf8","#fafbf8","1","1","animations/attn_cmp.css","#fafbf8","animations/attn_cmp.css:6"
"#fbfcfa","#fbfcfa","1","1","animations/attn_cmp.css","#fbfcfa","animations/attn_cmp.css:6"
"#fcfdf9","#fcfdf9","1","1","animations/ramnet_arch.css","#fcfdf9","animations/ramnet_arch.css:2"
"#fdfef9","#fdfef9","1","1","animations/cal_pipeline.css","#fdfef9","animations/cal_pipeline.css:2"
"#fdfef9f5","#fdfef9","0.960784","1","animations/cal_pipeline.css","#fdfef9f5","animations/cal_pipeline.css:3"
"#fdfefa","#fdfefa","1","1","animations/product_softmax.css","#fdfefa","animations/product_softmax.css:2"
"#ffffff90","#ffffff","0.564706","1","animations/product_softmax.css","#ffffff90","animations/product_softmax.css:4"
